1|27/05/2024 3:15:00 pm|1|0|Ready
2|08/05/2024 8:20:00 pm|1|0|Finished
4|08/05/2024 12:55:00 pm|1|0|Finished
7|09/05/2024 12:12:00 pm|2|1|Finished
8|24/05/2024 3:15:00 pm|3|2|Ready
9|08/05/2024 7:35:00 pm|4|0|Finished
10|24/05/2024 7:38:00 pm|5|119|Ready
11|21/05/2024 8:50:00 pm|6|0|Ready
15|08/05/2024 3:15:00 pm|10|1|Finished
16|22/05/2024 10:59:00 pm|11|2|Ready
17|16/05/2024 10:59:00 pm|12|2|Ready
18|20/05/2024 11:00:00 pm|13|2|Ready
19|02/06/2024 11:00:00 pm|14|2|Ready
20|11/04/2025 11:01:00 pm|15|1|Ready
21|28/05/2024 11:09:00 pm|16|5|Ready